Product code,Bureau of Meteorology station number,Year,Month,Mean maximum temperature (Â°C),Quality
IDCJAC0002,035019,1910,01,32.6,Y
IDCJAC0002,035019,1910,02,30.9,Y
IDCJAC0002,035019,1910,03,29.1,Y
IDCJAC0002,035019,1910,04,26.8,Y
IDCJAC0002,035019,1910,05,26.8,Y
IDCJAC0002,035019,1910,06,22.9,Y
IDCJAC0002,035019,1910,07,23.3,Y
IDCJAC0002,035019,1910,08,25.5,Y
IDCJAC0002,035019,1910,09,28.3,Y
IDCJAC0002,035019,1910,10,32.2,Y
IDCJAC0002,035019,1910,11,31.6,Y
IDCJAC0002,035019,1910,12,35.8,Y
IDCJAC0002,035019,1911,01,28.3,Y
IDCJAC0002,035019,1911,02,30.2,Y
IDCJAC0002,035019,1911,03,30.8,Y
IDCJAC0002,035019,1911,04,28.2,Y
IDCJAC0002,035019,1911,05,25.4,Y
IDCJAC0002,035019,1911,06,22.9,Y
IDCJAC0002,035019,1911,07,23.6,Y
IDCJAC0002,035019,1911,08,25.6,Y
IDCJAC0002,035019,1911,09,29.2,Y
IDCJAC0002,035019,1911,10,32.2,Y
IDCJAC0002,035019,1911,11,35.1,Y
IDCJAC0002,035019,1911,12,38.2,Y
IDCJAC0002,035019,1912,01,37.3,Y
IDCJAC0002,035019,1912,02,35.9,Y
IDCJAC0002,035019,1912,03,33.2,Y
IDCJAC0002,035019,1912,04,30.4,Y
IDCJAC0002,035019,1912,05,25.7,Y
IDCJAC0002,035019,1912,06,21.4,Y
IDCJAC0002,035019,1912,07,22.6,Y
IDCJAC0002,035019,1912,08,24.9,Y
IDCJAC0002,035019,1912,09,29.4,Y
IDCJAC0002,035019,1912,10,32.4,Y
IDCJAC0002,035019,1912,11,34.7,Y
IDCJAC0002,035019,1912,12,36.5,Y
IDCJAC0002,035019,1913,01,30.7,Y
IDCJAC0002,035019,1913,02,29.9,Y
IDCJAC0002,035019,1913,03,30.3,Y
IDCJAC0002,035019,1913,04,28.6,Y
IDCJAC0002,035019,1913,05,22.1,Y
IDCJAC0002,035019,1913,06,21.1,Y
IDCJAC0002,035019,1913,07,23.3,Y
IDCJAC0002,035019,1913,08,25.2,Y
IDCJAC0002,035019,1913,09,29.1,Y
IDCJAC0002,035019,1913,10,32.7,Y
IDCJAC0002,035019,1913,11,38.3,Y
IDCJAC0002,035019,1913,12,36.0,Y
IDCJAC0002,035019,1914,01,32.8,Y
IDCJAC0002,035019,1914,02,30.5,Y
IDCJAC0002,035019,1914,03,30.6,Y
IDCJAC0002,035019,1914,04,31.0,Y
IDCJAC0002,035019,1914,05,26.2,Y
IDCJAC0002,035019,1914,06,22.6,Y
IDCJAC0002,035019,1914,07,21.5,Y
IDCJAC0002,035019,1914,08,24.5,Y
IDCJAC0002,035019,1914,09,27.5,Y
IDCJAC0002,035019,1914,10,28.1,Y
IDCJAC0002,035019,1914,11,33.7,Y
IDCJAC0002,035019,1914,12,35.4,Y
IDCJAC0002,035019,1915,01,34.1,Y
IDCJAC0002,035019,1915,02,35.9,Y
IDCJAC0002,035019,1915,03,34.1,Y
IDCJAC0002,035019,1915,04,31.2,Y
IDCJAC0002,035019,1915,05,25.2,Y
IDCJAC0002,035019,1915,06,24.9,Y
IDCJAC0002,035019,1915,07,25.8,Y
IDCJAC0002,035019,1915,08,26.3,Y
IDCJAC0002,035019,1915,09,32.8,Y
IDCJAC0002,035019,1915,10,32.9,Y
IDCJAC0002,035019,1915,11,36.5,Y
IDCJAC0002,035019,1915,12,33.2,Y
IDCJAC0002,035019,1916,01,35.3,Y
IDCJAC0002,035019,1916,02,36.6,Y
IDCJAC0002,035019,1916,03,33.7,Y
IDCJAC0002,035019,1916,04,29.3,Y
IDCJAC0002,035019,1916,05,25.9,Y
IDCJAC0002,035019,1916,06,23.6,Y
IDCJAC0002,035019,1916,07,20.7,Y
IDCJAC0002,035019,1916,08,24.3,Y
IDCJAC0002,035019,1916,09,26.4,Y
IDCJAC0002,035019,1916,10,31.1,Y
IDCJAC0002,035019,1916,11,31.2,Y
IDCJAC0002,035019,1916,12,29.6,Y
IDCJAC0002,035019,1917,01,31.6,Y
IDCJAC0002,035019,1917,02,29.3,Y
IDCJAC0002,035019,1917,03,29.2,Y
IDCJAC0002,035019,1917,04,27.9,Y
IDCJAC0002,035019,1917,05,24.2,Y
IDCJAC0002,035019,1917,06,21.3,Y
IDCJAC0002,035019,1917,07,25.0,Y
IDCJAC0002,035019,1917,08,22.7,Y
IDCJAC0002,035019,1917,09,27.1,Y
IDCJAC0002,035019,1917,10,28.8,Y
IDCJAC0002,035019,1917,11,29.9,Y
IDCJAC0002,035019,1917,12,30.6,Y
IDCJAC0002,035019,1918,01,28.3,Y
IDCJAC0002,035019,1918,02,29.8,Y
IDCJAC0002,035019,1918,03,28.8,Y
IDCJAC0002,035019,1918,04,26.4,Y
IDCJAC0002,035019,1918,05,23.8,Y
IDCJAC0002,035019,1918,06,24.7,Y
IDCJAC0002,035019,1918,07,22.2,Y
IDCJAC0002,035019,1918,08,24.9,Y
IDCJAC0002,035019,1918,09,26.9,Y
IDCJAC0002,035019,1918,10,34.0,Y
IDCJAC0002,035019,1918,11,32.6,Y
IDCJAC0002,035019,1918,12,35.1,Y
IDCJAC0002,035019,1919,01,35.0,Y
IDCJAC0002,035019,1919,02,32.7,Y
IDCJAC0002,035019,1919,03,34.1,Y
IDCJAC0002,035019,1919,04,28.8,Y
IDCJAC0002,035019,1919,05,23.9,Y
IDCJAC0002,035019,1919,06,23.5,Y
IDCJAC0002,035019,1919,07,22.4,Y
IDCJAC0002,035019,1919,08,24.5,Y
IDCJAC0002,035019,1919,09,28.8,Y
IDCJAC0002,035019,1919,10,33.1,Y
IDCJAC0002,035019,1919,11,33.9,Y
IDCJAC0002,035019,1919,12,36.2,Y
IDCJAC0002,035019,1920,01,33.3,Y
IDCJAC0002,035019,1920,02,32.8,Y
IDCJAC0002,035019,1920,03,32.1,Y
IDCJAC0002,035019,1920,04,27.7,Y
IDCJAC0002,035019,1920,05,24.5,Y
IDCJAC0002,035019,1920,06,24.0,Y
IDCJAC0002,035019,1920,07,23.0,Y
IDCJAC0002,035019,1920,08,25.3,Y
IDCJAC0002,035019,1920,09,27.9,Y
IDCJAC0002,035019,1920,10,29.9,Y
IDCJAC0002,035019,1920,11,32.9,Y
IDCJAC0002,035019,1920,12,34.3,Y
IDCJAC0002,035019,1921,01,31.7,Y
IDCJAC0002,035019,1921,02,30.7,Y
IDCJAC0002,035019,1921,03,29.2,Y
IDCJAC0002,035019,1921,04,29.3,Y
IDCJAC0002,035019,1921,05,27.8,Y
IDCJAC0002,035019,1921,06,24.3,Y
IDCJAC0002,035019,1921,07,23.2,Y
IDCJAC0002,035019,1921,08,23.4,Y
IDCJAC0002,035019,1921,09,26.5,Y
IDCJAC0002,035019,1921,10,29.8,Y
IDCJAC0002,035019,1921,11,35.2,Y
IDCJAC0002,035019,1921,12,34.7,Y
IDCJAC0002,035019,1922,01,35.6,Y
IDCJAC0002,035019,1922,02,30.6,Y
IDCJAC0002,035019,1922,03,31.8,Y
IDCJAC0002,035019,1922,04,30.6,Y
IDCJAC0002,035019,1922,05,26.7,Y
IDCJAC0002,035019,1922,06,23.8,Y
IDCJAC0002,035019,1922,07,21.2,Y
IDCJAC0002,035019,1922,08,25.8,Y
IDCJAC0002,035019,1922,09,30.4,Y
IDCJAC0002,035019,1922,10,33.2,Y
IDCJAC0002,035019,1922,11,36.6,Y
IDCJAC0002,035019,1922,12,36.1,Y
IDCJAC0002,035019,1923,01,34.8,Y
IDCJAC0002,035019,1923,02,34.7,Y
IDCJAC0002,035019,1923,03,33.2,Y
IDCJAC0002,035019,1923,04,28.3,Y
IDCJAC0002,035019,1923,05,29.6,Y
IDCJAC0002,035019,1923,06,22.8,Y
IDCJAC0002,035019,1923,07,22.3,Y
IDCJAC0002,035019,1923,08,24.8,Y
IDCJAC0002,035019,1923,09,30.5,Y
IDCJAC0002,035019,1923,10,33.2,Y
IDCJAC0002,035019,1923,11,35.8,Y
IDCJAC0002,035019,1923,12,36.5,Y
IDCJAC0002,035019,1924,01,38.1,Y
IDCJAC0002,035019,1924,02,33.3,Y
IDCJAC0002,035019,1924,03,32.2,Y
IDCJAC0002,035019,1924,04,27.9,Y
IDCJAC0002,035019,1924,05,26.2,Y
IDCJAC0002,035019,1924,06,22.7,Y
IDCJAC0002,035019,1924,07,23.5,Y
IDCJAC0002,035019,1924,08,25.3,Y
IDCJAC0002,035019,1924,09,29.9,Y
IDCJAC0002,035019,1924,10,33.9,Y
IDCJAC0002,035019,1924,11,34.1,Y
IDCJAC0002,035019,1924,12,32.9,Y
IDCJAC0002,035019,1925,01,33.2,Y
IDCJAC0002,035019,1925,02,35.6,Y
IDCJAC0002,035019,1925,03,32.4,Y
IDCJAC0002,035019,1925,04,30.0,Y
IDCJAC0002,035019,1925,05,26.9,Y
IDCJAC0002,035019,1925,06,23.5,Y
IDCJAC0002,035019,1925,07,23.1,Y
IDCJAC0002,035019,1925,08,25.0,Y
IDCJAC0002,035019,1925,09,26.4,Y
IDCJAC0002,035019,1925,10,33.7,Y
IDCJAC0002,035019,1925,11,34.6,Y
IDCJAC0002,035019,1925,12,36.9,Y
IDCJAC0002,035019,1926,01,37.3,Y
IDCJAC0002,035019,1926,02,37.9,Y
IDCJAC0002,035019,1926,03,35.4,Y
IDCJAC0002,035019,1926,04,33.6,Y
IDCJAC0002,035019,1926,05,27.4,Y
IDCJAC0002,035019,1926,06,24.8,Y
IDCJAC0002,035019,1926,07,25.7,Y
IDCJAC0002,035019,1926,08,27.9,Y
IDCJAC0002,035019,1926,09,26.4,Y
IDCJAC0002,035019,1926,10,33.8,Y
IDCJAC0002,035019,1926,11,35.9,Y
IDCJAC0002,035019,1926,12,35.7,Y
IDCJAC0002,035019,1927,01,33.8,Y
IDCJAC0002,035019,1927,02,31.5,Y
IDCJAC0002,035019,1927,03,31.3,Y
IDCJAC0002,035019,1927,04,28.6,Y
IDCJAC0002,035019,1927,05,26.7,Y
IDCJAC0002,035019,1927,06,24.1,Y
IDCJAC0002,035019,1927,07,23.3,Y
IDCJAC0002,035019,1927,08,25.9,Y
IDCJAC0002,035019,1927,09,29.1,Y
IDCJAC0002,035019,1927,10,31.2,Y
IDCJAC0002,035019,1927,11,33.9,Y
IDCJAC0002,035019,1927,12,30.8,Y
IDCJAC0002,035019,1928,01,33.0,Y
IDCJAC0002,035019,1928,02,31.6,Y
IDCJAC0002,035019,1928,03,29.8,Y
IDCJAC0002,035019,1928,04,29.8,Y
IDCJAC0002,035019,1928,05,24.1,Y
IDCJAC0002,035019,1928,06,21.4,Y
IDCJAC0002,035019,1928,07,22.9,Y
IDCJAC0002,035019,1928,08,26.0,Y
IDCJAC0002,035019,1928,09,32.3,Y
IDCJAC0002,035019,1928,10,35.3,Y
IDCJAC0002,035019,1928,11,33.2,Y
IDCJAC0002,035019,1928,12,33.4,Y
IDCJAC0002,035019,1929,01,34.3,Y
IDCJAC0002,035019,1929,02,33.4,Y
IDCJAC0002,035019,1929,03,31.6,Y
IDCJAC0002,035019,1929,04,27.7,Y
IDCJAC0002,035019,1929,05,25.6,Y
IDCJAC0002,035019,1929,06,21.2,Y
IDCJAC0002,035019,1929,07,22.0,Y
IDCJAC0002,035019,1929,08,25.9,Y
IDCJAC0002,035019,1929,09,27.7,Y
IDCJAC0002,035019,1929,10,32.9,Y
IDCJAC0002,035019,1929,11,35.9,Y
IDCJAC0002,035019,1929,12,36.2,Y
IDCJAC0002,035019,1930,01,32.3,Y
IDCJAC0002,035019,1930,02,30.7,Y
IDCJAC0002,035019,1930,03,31.3,Y
IDCJAC0002,035019,1930,04,29.3,Y
IDCJAC0002,035019,1930,05,23.8,Y
IDCJAC0002,035019,1930,06,19.2,Y
IDCJAC0002,035019,1930,07,20.2,Y
IDCJAC0002,035019,1930,08,22.3,Y
IDCJAC0002,035019,1930,09,28.6,Y
IDCJAC0002,035019,1930,10,30.7,Y
IDCJAC0002,035019,1930,11,35.5,Y
IDCJAC0002,035019,1930,12,34.9,Y
IDCJAC0002,035019,1931,01,37.2,Y
IDCJAC0002,035019,1931,02,34.7,Y
IDCJAC0002,035019,1931,03,33.9,Y
IDCJAC0002,035019,1931,04,31.2,Y
IDCJAC0002,035019,1931,05,28.2,Y
IDCJAC0002,035019,1931,06,25.8,Y
IDCJAC0002,035019,1931,07,23.4,Y
IDCJAC0002,035019,1931,08,26.3,Y
IDCJAC0002,035019,1931,09,28.8,Y
IDCJAC0002,035019,1931,10,29.9,Y
IDCJAC0002,035019,1931,11,32.4,Y
IDCJAC0002,035019,1931,12,33.9,Y
IDCJAC0002,035019,1932,01,34.1,Y
IDCJAC0002,035019,1932,02,36.9,Y
IDCJAC0002,035019,1932,03,33.6,Y
IDCJAC0002,035019,1932,04,31.0,Y
IDCJAC0002,035019,1932,05,25.3,Y
IDCJAC0002,035019,1932,06,22.1,Y
IDCJAC0002,035019,1932,07,23.0,Y
IDCJAC0002,035019,1932,08,24.3,Y
IDCJAC0002,035019,1932,09,28.4,Y
IDCJAC0002,035019,1932,10,33.0,Y
IDCJAC0002,035019,1932,11,34.0,Y
IDCJAC0002,035019,1932,12,36.4,Y
IDCJAC0002,035019,1933,01,37.1,Y
IDCJAC0002,035019,1933,02,32.3,Y
IDCJAC0002,035019,1933,03,34.6,Y
IDCJAC0002,035019,1933,04,30.2,Y
IDCJAC0002,035019,1933,05,26.0,Y
IDCJAC0002,035019,1933,06,22.0,Y
IDCJAC0002,035019,1933,07,20.4,Y
IDCJAC0002,035019,1933,08,21.1,Y
IDCJAC0002,035019,1933,09,26.2,Y
IDCJAC0002,035019,1933,10,29.7,Y
IDCJAC0002,035019,1933,11,29.2,Y
IDCJAC0002,035019,1933,12,32.2,Y
IDCJAC0002,035019,1934,01,35.2,Y
IDCJAC0002,035019,1934,02,32.3,Y
IDCJAC0002,035019,1934,03,31.7,Y
IDCJAC0002,035019,1934,04,30.1,Y
IDCJAC0002,035019,1934,05,26.4,Y
IDCJAC0002,035019,1934,06,23.6,Y
IDCJAC0002,035019,1934,07,23.7,Y
IDCJAC0002,035019,1934,08,25.7,Y
IDCJAC0002,035019,1934,09,29.2,Y
IDCJAC0002,035019,1934,10,31.2,Y
IDCJAC0002,035019,1934,11,33.9,Y
IDCJAC0002,035019,1934,12,37.0,Y
IDCJAC0002,035019,1935,01,37.7,Y
IDCJAC0002,035019,1935,02,37.7,Y
IDCJAC0002,035019,1935,03,34.1,Y
IDCJAC0002,035019,1935,04,30.6,Y
IDCJAC0002,035019,1935,05,26.9,Y
IDCJAC0002,035019,1935,06,23.7,Y
IDCJAC0002,035019,1935,07,23.2,Y
IDCJAC0002,035019,1935,08,25.1,Y
IDCJAC0002,035019,1935,09,28.8,Y
IDCJAC0002,035019,1935,10,33.7,Y
IDCJAC0002,035019,1935,11,35.2,Y
IDCJAC0002,035019,1935,12,38.1,Y
IDCJAC0002,035019,1936,01,35.7,Y
IDCJAC0002,035019,1936,02,32.5,Y
IDCJAC0002,035019,1936,03,28.5,Y
IDCJAC0002,035019,1936,04,28.8,Y
IDCJAC0002,035019,1936,05,25.9,Y
IDCJAC0002,035019,1936,06,21.5,Y
IDCJAC0002,035019,1936,07,22.9,Y
IDCJAC0002,035019,1936,08,28.1,Y
IDCJAC0002,035019,1936,09,29.9,Y
IDCJAC0002,035019,1936,10,34.9,Y
IDCJAC0002,035019,1936,11,36.2,Y
IDCJAC0002,035019,1936,12,34.8,Y
IDCJAC0002,035019,1937,01,37.1,Y
IDCJAC0002,035019,1937,02,33.3,Y
IDCJAC0002,035019,1937,03,31.2,Y
IDCJAC0002,035019,1937,04,29.4,Y
IDCJAC0002,035019,1937,05,28.0,Y
IDCJAC0002,035019,1937,06,22.2,Y
IDCJAC0002,035019,1937,07,21.8,Y
IDCJAC0002,035019,1937,08,25.5,Y
IDCJAC0002,035019,1937,09,29.7,Y
IDCJAC0002,035019,1937,10,33.8,Y
IDCJAC0002,035019,1937,11,35.3,Y
IDCJAC0002,035019,1937,12,37.8,Y
IDCJAC0002,035019,1938,01,37.1,Y
IDCJAC0002,035019,1938,02,34.9,Y
IDCJAC0002,035019,1938,03,33.4,Y
IDCJAC0002,035019,1938,04,32.3,Y
IDCJAC0002,035019,1938,05,27.6,Y
IDCJAC0002,035019,1938,06,21.8,Y
IDCJAC0002,035019,1938,07,21.1,Y
IDCJAC0002,035019,1938,08,23.3,Y
IDCJAC0002,035019,1938,09,27.9,Y
IDCJAC0002,035019,1938,10,32.0,Y
IDCJAC0002,035019,1938,11,33.2,Y
IDCJAC0002,035019,1938,12,36.9,Y
IDCJAC0002,035019,1939,01,36.1,Y
IDCJAC0002,035019,1939,02,32.8,Y
IDCJAC0002,035019,1939,03,32.4,Y
IDCJAC0002,035019,1939,04,28.4,Y
IDCJAC0002,035019,1939,05,26.6,Y
IDCJAC0002,035019,1939,06,23.2,Y
IDCJAC0002,035019,1939,07,21.2,Y
IDCJAC0002,035019,1939,08,24.2,Y
IDCJAC0002,035019,1939,09,27.3,Y
IDCJAC0002,035019,1939,10,30.7,Y
IDCJAC0002,035019,1939,11,34.9,Y
IDCJAC0002,035019,1939,12,36.0,Y
IDCJAC0002,035019,1940,01,38.7,Y
IDCJAC0002,035019,1940,02,30.9,Y
IDCJAC0002,035019,1940,03,28.6,Y
IDCJAC0002,035019,1940,04,27.2,Y
IDCJAC0002,035019,1940,05,25.7,Y
IDCJAC0002,035019,1940,06,23.6,Y
IDCJAC0002,035019,1940,07,23.1,Y
IDCJAC0002,035019,1940,08,24.6,Y
IDCJAC0002,035019,1940,09,28.5,Y
IDCJAC0002,035019,1940,10,33.6,Y
IDCJAC0002,035019,1940,11,35.4,Y
IDCJAC0002,035019,1940,12,35.4,Y
IDCJAC0002,035019,1941,01,30.6,Y
IDCJAC0002,035019,1941,02,31.3,Y
IDCJAC0002,035019,1941,03,31.6,Y
IDCJAC0002,035019,1941,04,26.3,Y
IDCJAC0002,035019,1941,05,23.7,Y
IDCJAC0002,035019,1941,06,20.9,Y
IDCJAC0002,035019,1941,07,22.9,Y
IDCJAC0002,035019,1941,08,24.3,Y
IDCJAC0002,035019,1941,09,30.1,Y
IDCJAC0002,035019,1941,10,33.2,Y
IDCJAC0002,035019,1941,11,34.0,Y
IDCJAC0002,035019,1941,12,35.6,Y
IDCJAC0002,035019,1942,01,37.3,Y
IDCJAC0002,035019,1942,02,32.1,Y
IDCJAC0002,035019,1942,03,35.7,Y
IDCJAC0002,035019,1942,04,29.7,Y
IDCJAC0002,035019,1942,05,27.0,Y
IDCJAC0002,035019,1942,06,23.7,Y
IDCJAC0002,035019,1942,07,22.4,Y
IDCJAC0002,035019,1942,08,27.9,Y
IDCJAC0002,035019,1942,09,29.7,Y
IDCJAC0002,035019,1942,10,31.7,Y
IDCJAC0002,035019,1942,11,33.2,Y
IDCJAC0002,035019,1942,12,31.8,Y
IDCJAC0002,035019,1943,01,33.7,Y
IDCJAC0002,035019,1943,02,31.9,Y
IDCJAC0002,035019,1943,03,33.9,Y
IDCJAC0002,035019,1943,04,31.6,Y
IDCJAC0002,035019,1943,05,26.1,Y
IDCJAC0002,035019,1943,06,21.6,Y
IDCJAC0002,035019,1943,07,24.7,Y
IDCJAC0002,035019,1943,08,26.6,Y
IDCJAC0002,035019,1943,09,28.8,Y
IDCJAC0002,035019,1943,10,32.4,Y
IDCJAC0002,035019,1943,11,35.2,Y
IDCJAC0002,035019,1943,12,37.1,Y
IDCJAC0002,035019,1944,01,37.5,Y
IDCJAC0002,035019,1944,02,32.6,Y
IDCJAC0002,035019,1944,03,30.4,Y
IDCJAC0002,035019,1944,04,30.8,Y
IDCJAC0002,035019,1944,05,26.2,Y
IDCJAC0002,035019,1944,06,22.2,Y
IDCJAC0002,035019,1944,07,23.6,Y
IDCJAC0002,035019,1944,08,25.7,Y
IDCJAC0002,035019,1944,09,29.5,Y
IDCJAC0002,035019,1944,10,31.9,Y
IDCJAC0002,035019,1944,11,36.4,Y
IDCJAC0002,035019,1944,12,36.7,Y
IDCJAC0002,035019,1945,01,35.8,Y
IDCJAC0002,035019,1945,02,36.5,Y
IDCJAC0002,035019,1945,03,34.3,Y
IDCJAC0002,035019,1945,04,31.4,Y
IDCJAC0002,035019,1945,05,26.1,Y
IDCJAC0002,035019,1945,06,24.6,Y
IDCJAC0002,035019,1945,07,22.0,Y
IDCJAC0002,035019,1945,08,28.1,Y
IDCJAC0002,035019,1945,09,29.8,Y
IDCJAC0002,035019,1945,10,30.4,Y
IDCJAC0002,035019,1945,11,34.1,Y
IDCJAC0002,035019,1945,12,35.6,Y
IDCJAC0002,035019,1946,01,34.7,Y
IDCJAC0002,035019,1946,02,35.3,Y
IDCJAC0002,035019,1946,03,32.4,Y
IDCJAC0002,035019,1946,04,31.3,Y
IDCJAC0002,035019,1946,05,29.4,Y
IDCJAC0002,035019,1946,06,24.2,Y
IDCJAC0002,035019,1946,07,25.9,Y
IDCJAC0002,035019,1946,08,28.5,Y
IDCJAC0002,035019,1946,09,30.4,Y
IDCJAC0002,035019,1946,10,32.9,Y
IDCJAC0002,035019,1946,11,36.1,Y
IDCJAC0002,035019,1946,12,36.8,Y
IDCJAC0002,035019,1947,01,39.0,Y
IDCJAC0002,035019,1947,02,30.3,Y
IDCJAC0002,035019,1947,03,33.5,Y
IDCJAC0002,035019,1947,04,31.0,Y
IDCJAC0002,035019,1947,05,26.7,Y
IDCJAC0002,035019,1947,06,25.9,Y
IDCJAC0002,035019,1947,07,25.3,Y
IDCJAC0002,035019,1947,08,26.5,Y
IDCJAC0002,035019,1947,09,27.5,Y
IDCJAC0002,035019,1947,10,30.9,Y
IDCJAC0002,035019,1947,11,34.6,Y
IDCJAC0002,035019,1947,12,35.1,Y
IDCJAC0002,035019,1948,01,35.0,Y
IDCJAC0002,035019,1948,02,35.6,Y
IDCJAC0002,035019,1948,03,34.5,Y
IDCJAC0002,035019,1948,04,30.8,Y
IDCJAC0002,035019,1948,05,27.4,Y
IDCJAC0002,035019,1948,06,24.2,Y
IDCJAC0002,035019,1948,07,23.4,Y
IDCJAC0002,035019,1948,08,26.4,Y
IDCJAC0002,035019,1948,09,29.6,Y
IDCJAC0002,035019,1948,10,34.3,Y
IDCJAC0002,035019,1948,11,36.1,Y
IDCJAC0002,035019,1948,12,36.3,Y
IDCJAC0002,035019,1949,01,35.3,Y
IDCJAC0002,035019,1949,02,34.3,Y
IDCJAC0002,035019,1949,03,30.7,Y
IDCJAC0002,035019,1949,04,27.4,Y
IDCJAC0002,035019,1949,05,26.2,Y
IDCJAC0002,035019,1949,06,22.7,Y
IDCJAC0002,035019,1949,07,24.3,Y
IDCJAC0002,035019,1949,08,26.3,Y
IDCJAC0002,035019,1949,09,29.9,Y
IDCJAC0002,035019,1949,10,31.5,Y
IDCJAC0002,035019,1949,11,33.8,Y
IDCJAC0002,035019,1949,12,36.6,Y
IDCJAC0002,035019,1950,01,34.2,Y
IDCJAC0002,035019,1950,02,31.8,Y
IDCJAC0002,035019,1950,03,29.7,Y
IDCJAC0002,035019,1950,04,26.9,Y
IDCJAC0002,035019,1950,05,25.8,Y
IDCJAC0002,035019,1950,06,21.6,Y
IDCJAC0002,035019,1950,07,21.9,Y
IDCJAC0002,035019,1950,08,22.4,Y
IDCJAC0002,035019,1950,09,27.4,Y
IDCJAC0002,035019,1950,10,29.2,Y
IDCJAC0002,035019,1950,11,31.3,Y
IDCJAC0002,035019,1950,12,31.6,Y
IDCJAC0002,035019,1951,01,30.6,Y
IDCJAC0002,035019,1951,02,32.9,Y
IDCJAC0002,035019,1951,03,33.3,Y
IDCJAC0002,035019,1951,04,31.4,Y
IDCJAC0002,035019,1951,05,26.8,Y
IDCJAC0002,035019,1951,06,23.6,Y
IDCJAC0002,035019,1951,07,23.9,Y
IDCJAC0002,035019,1951,08,24.7,Y
IDCJAC0002,035019,1951,09,28.6,Y
IDCJAC0002,035019,1951,10,32.5,Y
IDCJAC0002,035019,1951,11,36.7,Y
IDCJAC0002,035019,1951,12,37.5,Y
IDCJAC0002,035019,1952,01,35.1,Y
IDCJAC0002,035019,1952,02,34.3,Y
IDCJAC0002,035019,1952,03,31.4,Y
IDCJAC0002,035019,1952,04,30.2,Y
IDCJAC0002,035019,1952,05,26.2,Y
IDCJAC0002,035019,1952,06,23.2,Y
IDCJAC0002,035019,1952,07,23.2,Y
IDCJAC0002,035019,1952,08,25.9,Y
IDCJAC0002,035019,1952,09,30.7,Y
IDCJAC0002,035019,1952,10,32.5,Y
IDCJAC0002,035019,1952,11,35.7,Y
IDCJAC0002,035019,1952,12,38.2,Y
IDCJAC0002,035019,1953,01,30.8,Y
IDCJAC0002,035019,1953,02,31.3,Y
IDCJAC0002,035019,1953,03,31.4,Y
IDCJAC0002,035019,1953,04,32.4,Y
IDCJAC0002,035019,1953,05,26.2,Y
IDCJAC0002,035019,1953,06,25.1,Y
IDCJAC0002,035019,1953,07,24.1,Y
IDCJAC0002,035019,1953,08,24.3,Y
IDCJAC0002,035019,1953,09,28.3,Y
IDCJAC0002,035019,1953,10,33.2,Y
IDCJAC0002,035019,1953,11,34.1,Y
IDCJAC0002,035019,1953,12,37.3,Y
IDCJAC0002,035019,1954,01,32.2,Y
IDCJAC0002,035019,1954,02,31.1,Y
IDCJAC0002,035019,1954,03,31.4,Y
IDCJAC0002,035019,1954,04,27.7,Y
IDCJAC0002,035019,1954,05,25.8,Y
IDCJAC0002,035019,1954,06,22.1,Y
IDCJAC0002,035019,1954,07,24.1,Y
IDCJAC0002,035019,1954,08,23.4,Y
IDCJAC0002,035019,1954,09,27.1,Y
IDCJAC0002,035019,1954,10,29.3,Y
IDCJAC0002,035019,1954,11,33.8,Y
IDCJAC0002,035019,1954,12,32.9,Y
IDCJAC0002,035019,1955,01,33.8,Y
IDCJAC0002,035019,1955,02,31.3,Y
IDCJAC0002,035019,1955,03,28.6,Y
IDCJAC0002,035019,1955,04,28.3,Y
IDCJAC0002,035019,1955,05,24.5,Y
IDCJAC0002,035019,1955,06,22.2,Y
IDCJAC0002,035019,1955,07,22.3,Y
IDCJAC0002,035019,1955,08,26.3,Y
IDCJAC0002,035019,1955,09,28.4,Y
IDCJAC0002,035019,1955,10,32.3,Y
IDCJAC0002,035019,1955,11,32.8,Y
IDCJAC0002,035019,1955,12,35.3,Y
IDCJAC0002,035019,1956,01,32.7,Y
IDCJAC0002,035019,1956,02,31.9,Y
IDCJAC0002,035019,1956,03,29.3,Y
IDCJAC0002,035019,1956,04,28.5,Y
IDCJAC0002,035019,1956,05,24.8,Y
IDCJAC0002,035019,1956,06,22.4,Y
IDCJAC0002,035019,1956,07,22.9,Y
IDCJAC0002,035019,1956,08,23.2,Y
IDCJAC0002,035019,1956,09,25.7,Y
IDCJAC0002,035019,1956,10,31.7,Y
IDCJAC0002,035019,1956,11,32.5,Y
IDCJAC0002,035019,1956,12,33.2,Y
IDCJAC0002,035019,1962,01,34.5,Y
IDCJAC0002,035019,1962,02,34.7,Y
IDCJAC0002,035019,1962,03,31.5,Y
IDCJAC0002,035019,1962,04,27.9,Y
IDCJAC0002,035019,1962,05,26.2,Y
IDCJAC0002,035019,1962,06,23.7,Y
IDCJAC0002,035019,1962,07,23.2,Y
IDCJAC0002,035019,1962,08,25.6,Y
IDCJAC0002,035019,1962,09,28.8,Y
IDCJAC0002,035019,1962,10,34.2,Y
IDCJAC0002,035019,1962,11,36.1,Y
IDCJAC0002,035019,1962,12,33.9,Y
IDCJAC0002,035019,1963,01,31.6,Y
IDCJAC0002,035019,1963,02,33.9,Y
IDCJAC0002,035019,1963,03,31.4,Y
IDCJAC0002,035019,1963,04,27.2,Y
IDCJAC0002,035019,1963,05,26.4,Y
IDCJAC0002,035019,1963,06,22.4,Y
IDCJAC0002,035019,1963,07,22.6,Y
IDCJAC0002,035019,1963,08,24.2,Y
IDCJAC0002,035019,1963,09,28.9,Y
IDCJAC0002,035019,1963,10,29.5,Y
IDCJAC0002,035019,1963,11,33.8,Y
IDCJAC0002,035019,1963,12,33.8,Y
IDCJAC0002,035019,1964,01,35.2,Y
IDCJAC0002,035019,1964,02,34.8,Y
IDCJAC0002,035019,1964,03,32.1,Y
IDCJAC0002,035019,1964,04,31.7,Y
IDCJAC0002,035019,1964,05,26.2,Y
IDCJAC0002,035019,1964,06,23.1,Y
IDCJAC0002,035019,1964,07,24.2,Y
IDCJAC0002,035019,1964,08,26.2,Y
IDCJAC0002,035019,1964,09,28.8,Y
IDCJAC0002,035019,1964,10,30.1,Y
IDCJAC0002,035019,1964,11,32.8,Y
IDCJAC0002,035019,1964,12,33.9,Y
IDCJAC0002,035019,1965,01,35.6,Y
IDCJAC0002,035019,1965,02,35.4,Y
IDCJAC0002,035019,1965,03,31.4,Y
IDCJAC0002,035019,1965,04,28.9,Y
IDCJAC0002,035019,1965,05,26.3,Y
IDCJAC0002,035019,1965,06,23.3,Y
IDCJAC0002,035019,1965,07,21.5,Y
IDCJAC0002,035019,1965,08,26.0,Y
IDCJAC0002,035019,1965,09,29.5,Y
IDCJAC0002,035019,1965,10,32.0,Y
IDCJAC0002,035019,1965,11,36.1,Y
IDCJAC0002,035019,1965,12,31.9,Y
IDCJAC0002,035019,1966,01,31.6,Y
IDCJAC0002,035019,1966,02,34.7,Y
IDCJAC0002,035019,1966,03,33.3,Y
IDCJAC0002,035019,1966,04,31.1,Y
IDCJAC0002,035019,1966,05,25.6,Y
IDCJAC0002,035019,1966,06,22.9,Y
IDCJAC0002,035019,1966,07,23.1,Y
IDCJAC0002,035019,1966,08,22.7,Y
IDCJAC0002,035019,1966,09,28.6,Y
IDCJAC0002,035019,1966,10,29.4,Y
IDCJAC0002,035019,1966,11,32.3,Y
IDCJAC0002,035019,1966,12,34.3,Y
IDCJAC0002,035019,1967,01,35.9,Y
IDCJAC0002,035019,1967,02,33.1,Y
IDCJAC0002,035019,1967,03,31.2,Y
IDCJAC0002,035019,1967,04,29.9,Y
IDCJAC0002,035019,1967,05,25.6,Y
IDCJAC0002,035019,1967,06,21.8,Y
IDCJAC0002,035019,1967,07,21.4,Y
IDCJAC0002,035019,1967,08,23.7,Y
IDCJAC0002,035019,1967,09,28.5,Y
IDCJAC0002,035019,1967,10,32.0,Y
IDCJAC0002,035019,1967,11,33.9,Y
IDCJAC0002,035019,1967,12,33.7,Y
IDCJAC0002,035019,1968,01,32.8,Y
IDCJAC0002,035019,1968,02,30.1,Y
IDCJAC0002,035019,1968,03,30.9,Y
IDCJAC0002,035019,1968,04,30.6,Y
IDCJAC0002,035019,1968,05,22.8,Y
IDCJAC0002,035019,1968,06,22.7,Y
IDCJAC0002,035019,1968,07,20.9,Y
IDCJAC0002,035019,1968,08,24.9,Y
IDCJAC0002,035019,1968,09,27.1,Y
IDCJAC0002,035019,1968,10,31.7,Y
IDCJAC0002,035019,1968,11,36.1,Y
IDCJAC0002,035019,1968,12,34.4,Y
IDCJAC0002,035019,1969,01,35.2,Y
IDCJAC0002,035019,1969,02,35.6,Y
IDCJAC0002,035019,1969,03,32.3,Y
IDCJAC0002,035019,1969,04,30.2,Y
IDCJAC0002,035019,1969,05,26.8,Y
IDCJAC0002,035019,1969,06,22.4,Y
IDCJAC0002,035019,1969,07,23.6,Y
IDCJAC0002,035019,1969,08,26.4,Y
IDCJAC0002,035019,1969,09,27.8,Y
IDCJAC0002,035019,1969,10,30.5,Y
IDCJAC0002,035019,1969,11,34.8,Y
IDCJAC0002,035019,1969,12,35.3,Y
IDCJAC0002,035019,1970,01,34.9,Y
IDCJAC0002,035019,1970,02,30.6,Y
IDCJAC0002,035019,1970,03,31.9,Y
IDCJAC0002,035019,1970,04,30.5,Y
IDCJAC0002,035019,1970,05,25.8,Y
IDCJAC0002,035019,1970,06,24.6,Y
IDCJAC0002,035019,1970,07,22.9,Y
IDCJAC0002,035019,1970,08,25.2,Y
IDCJAC0002,035019,1970,09,28.0,Y
IDCJAC0002,035019,1970,10,31.1,Y
IDCJAC0002,035019,1970,11,31.9,Y
IDCJAC0002,035019,1970,12,33.2,Y
IDCJAC0002,035019,1971,01,36.0,Y
IDCJAC0002,035019,1971,02,31.4,Y
IDCJAC0002,035019,1971,03,29.2,Y
IDCJAC0002,035019,1971,04,27.2,Y
IDCJAC0002,035019,1971,05,25.9,Y
IDCJAC0002,035019,1971,06,22.2,Y
IDCJAC0002,035019,1971,07,21.3,Y
IDCJAC0002,035019,1971,08,25.9,Y
IDCJAC0002,035019,1971,09,29.2,Y
IDCJAC0002,035019,1971,10,34.3,Y
IDCJAC0002,035019,1971,11,34.2,Y
IDCJAC0002,035019,1971,12,34.3,Y
IDCJAC0002,035019,1972,01,33.5,Y
IDCJAC0002,035019,1972,02,30.6,Y
IDCJAC0002,035019,1972,03,30.5,Y
IDCJAC0002,035019,1972,04,29.2,Y
IDCJAC0002,035019,1972,05,24.5,Y
IDCJAC0002,035019,1972,06,23.6,Y
IDCJAC0002,035019,1972,07,23.5,Y
IDCJAC0002,035019,1972,08,26.6,Y
IDCJAC0002,035019,1972,09,28.5,Y
IDCJAC0002,035019,1972,10,32.9,Y
IDCJAC0002,035019,1972,11,33.6,Y
IDCJAC0002,035019,1972,12,35.9,Y
IDCJAC0002,035019,1973,01,34.4,Y
IDCJAC0002,035019,1973,02,32.3,Y
IDCJAC0002,035019,1973,03,32.4,Y
IDCJAC0002,035019,1973,04,29.4,Y
IDCJAC0002,035019,1973,05,27.6,Y
IDCJAC0002,035019,1973,06,24.3,Y
IDCJAC0002,035019,1973,07,23.2,Y
IDCJAC0002,035019,1973,08,26.4,Y
IDCJAC0002,035019,1973,09,27.1,Y
IDCJAC0002,035019,1973,10,31.6,Y
IDCJAC0002,035019,1973,11,32.3,Y
IDCJAC0002,035019,1973,12,32.1,Y
IDCJAC0002,035019,1974,01,29.3,Y
IDCJAC0002,035019,1974,02,31.4,Y
IDCJAC0002,035019,1974,03,29.6,Y
IDCJAC0002,035019,1974,04,29.3,Y
IDCJAC0002,035019,1974,05,24.5,Y
IDCJAC0002,035019,1974,06,22.8,Y
IDCJAC0002,035019,1974,07,23.1,Y
IDCJAC0002,035019,1974,08,25.0,Y
IDCJAC0002,035019,1974,09,26.2,Y
IDCJAC0002,035019,1974,10,29.4,Y
IDCJAC0002,035019,1974,11,32.2,Y
IDCJAC0002,035019,1974,12,34.8,Y
IDCJAC0002,035019,1975,01,32.4,Y
IDCJAC0002,035019,1975,02,31.6,Y
IDCJAC0002,035019,1975,03,30.9,Y
IDCJAC0002,035019,1975,04,28.4,Y
IDCJAC0002,035019,1975,05,26.5,Y
IDCJAC0002,035019,1975,06,22.1,Y
IDCJAC0002,035019,1975,07,24.5,Y
IDCJAC0002,035019,1975,08,24.9,Y
IDCJAC0002,035019,1975,09,27.6,Y
IDCJAC0002,035019,1975,10,29.8,Y
IDCJAC0002,035019,1975,11,33.5,Y
IDCJAC0002,035019,1975,12,31.1,Y
IDCJAC0002,035019,1976,01,31.1,Y
IDCJAC0002,035019,1976,02,30.3,Y
IDCJAC0002,035019,1976,03,32.0,Y
IDCJAC0002,035019,1976,04,28.2,Y
IDCJAC0002,035019,1976,05,25.5,Y
IDCJAC0002,035019,1976,06,23.1,Y
IDCJAC0002,035019,1976,07,23.1,Y
IDCJAC0002,035019,1976,08,24.6,Y
IDCJAC0002,035019,1976,09,28.1,Y
IDCJAC0002,035019,1976,10,30.5,Y
IDCJAC0002,035019,1976,11,34.6,Y
IDCJAC0002,035019,1976,12,35.0,Y
IDCJAC0002,035019,1977,01,34.3,Y
IDCJAC0002,035019,1977,02,31.8,Y
IDCJAC0002,035019,1977,03,30.8,Y
IDCJAC0002,035019,1977,04,28.9,Y
IDCJAC0002,035019,1977,05,25.6,Y
IDCJAC0002,035019,1977,06,22.3,Y
IDCJAC0002,035019,1977,07,21.9,Y
IDCJAC0002,035019,1977,08,25.3,Y
IDCJAC0002,035019,1977,09,27.7,Y
IDCJAC0002,035019,1977,10,31.5,Y
IDCJAC0002,035019,1977,11,34.0,Y
IDCJAC0002,035019,1977,12,34.0,Y
IDCJAC0002,035019,1978,01,33.8,Y
IDCJAC0002,035019,1978,02,32.7,Y
IDCJAC0002,035019,1978,03,33.3,Y
IDCJAC0002,035019,1978,04,29.4,Y
IDCJAC0002,035019,1978,05,24.8,Y
IDCJAC0002,035019,1978,06,22.4,Y
IDCJAC0002,035019,1978,07,22.4,Y
IDCJAC0002,035019,1978,08,23.2,Y
IDCJAC0002,035019,1978,09,26.0,Y
IDCJAC0002,035019,1978,10,28.3,Y
IDCJAC0002,035019,1978,11,32.6,Y
IDCJAC0002,035019,1978,12,33.7,Y
IDCJAC0002,035019,1979,01,32.9,Y
IDCJAC0002,035019,1979,02,30.3,Y
IDCJAC0002,035019,1979,03,30.2,Y
IDCJAC0002,035019,1979,04,29.6,Y
IDCJAC0002,035019,1979,05,25.5,Y
IDCJAC0002,035019,1979,06,24.0,Y
IDCJAC0002,035019,1979,07,23.2,Y
IDCJAC0002,035019,1979,08,26.4,Y
IDCJAC0002,035019,1979,09,28.9,Y
IDCJAC0002,035019,1979,10,32.2,Y
IDCJAC0002,035019,1979,11,34.9,Y
IDCJAC0002,035019,1979,12,36.8,Y
IDCJAC0002,035019,1980,01,35.2,Y
IDCJAC0002,035019,1980,02,33.2,Y
IDCJAC0002,035019,1980,03,31.9,Y
IDCJAC0002,035019,1980,04,30.0,Y
IDCJAC0002,035019,1980,05,27.1,Y
IDCJAC0002,035019,1980,06,24.2,Y
IDCJAC0002,035019,1980,07,23.3,Y
IDCJAC0002,035019,1980,08,24.7,Y
IDCJAC0002,035019,1980,09,31.2,Y
IDCJAC0002,035019,1980,10,33.5,Y
IDCJAC0002,035019,1980,11,34.9,Y
IDCJAC0002,035019,1980,12,34.5,Y
IDCJAC0002,035019,1981,01,30.6,Y
IDCJAC0002,035019,1981,02,32.6,Y
IDCJAC0002,035019,1981,03,33.2,Y
IDCJAC0002,035019,1981,04,30.2,Y
IDCJAC0002,035019,1981,05,25.5,Y
IDCJAC0002,035019,1981,06,22.8,Y
IDCJAC0002,035019,1981,07,22.6,Y
IDCJAC0002,035019,1981,08,25.5,Y
IDCJAC0002,035019,1981,09,28.2,Y
IDCJAC0002,035019,1981,10,30.0,Y
IDCJAC0002,035019,1981,11,33.0,Y
IDCJAC0002,035019,1981,12,36.7,Y
IDCJAC0002,035019,1982,01,35.5,Y
IDCJAC0002,035019,1982,02,35.0,Y
IDCJAC0002,035019,1982,03,32.1,Y
IDCJAC0002,035019,1982,04,29.3,Y
IDCJAC0002,035019,1982,05,26.8,Y
IDCJAC0002,035019,1982,06,22.2,Y
IDCJAC0002,035019,1982,07,22.1,Y
IDCJAC0002,035019,1982,08,24.7,Y
IDCJAC0002,035019,1982,09,28.7,Y
IDCJAC0002,035019,1982,10,31.9,Y
IDCJAC0002,035019,1982,11,34.0,Y
IDCJAC0002,035019,1982,12,36.6,Y
IDCJAC0002,035019,1983,01,34.1,Y
IDCJAC0002,035019,1983,02,34.8,Y
IDCJAC0002,035019,1983,03,32.4,Y
IDCJAC0002,035019,1983,04,28.1,Y
IDCJAC0002,035019,1983,05,23.8,Y
IDCJAC0002,035019,1983,06,21.4,Y
IDCJAC0002,035019,1983,07,21.3,Y
IDCJAC0002,035019,1983,08,23.8,Y
IDCJAC0002,035019,1983,09,30.5,Y
IDCJAC0002,035019,1983,10,32.5,Y
IDCJAC0002,035019,1983,11,32.4,Y
IDCJAC0002,035019,1983,12,32.4,Y
IDCJAC0002,035019,1984,01,32.7,Y
IDCJAC0002,035019,1984,02,31.7,Y
IDCJAC0002,035019,1984,03,32.4,Y
IDCJAC0002,035019,1984,04,29.0,Y
IDCJAC0002,035019,1984,05,26.6,Y
IDCJAC0002,035019,1984,06,23.9,Y
IDCJAC0002,035019,1984,07,21.5,Y
IDCJAC0002,035019,1984,08,25.1,Y
IDCJAC0002,035019,1984,09,27.9,Y
IDCJAC0002,035019,1984,10,29.1,Y
IDCJAC0002,035019,1984,11,32.3,Y
IDCJAC0002,035019,1984,12,35.7,Y
IDCJAC0002,035019,1985,01,36.0,Y
IDCJAC0002,035019,1985,02,34.5,Y
IDCJAC0002,035019,1985,03,31.8,Y
IDCJAC0002,035019,1985,04,29.8,Y
IDCJAC0002,035019,1985,05,24.8,Y
IDCJAC0002,035019,1985,06,21.4,Y
IDCJAC0002,035019,1985,07,22.2,Y
IDCJAC0002,035019,1985,08,25.6,Y
IDCJAC0002,035019,1985,09,28.0,Y
IDCJAC0002,035019,1985,10,29.0,Y
IDCJAC0002,035019,1985,11,32.6,Y
IDCJAC0002,035019,1985,12,36.3,Y
IDCJAC0002,035019,1986,01,35.0,Y
IDCJAC0002,035019,1986,02,34.6,Y
IDCJAC0002,035019,1986,03,32.8,Y
IDCJAC0002,035019,1986,04,30.2,Y
IDCJAC0002,035019,1986,05,26.1,Y
IDCJAC0002,035019,1986,06,22.5,Y
IDCJAC0002,035019,1986,07,23.6,Y
IDCJAC0002,035019,1986,08,23.6,Y
IDCJAC0002,035019,1986,09,29.4,Y
IDCJAC0002,035019,1986,10,31.4,Y
IDCJAC0002,035019,1986,11,32.6,Y
IDCJAC0002,035019,1986,12,35.8,Y
IDCJAC0002,035019,1987,01,35.7,Y
IDCJAC0002,035019,1987,02,33.7,Y
IDCJAC0002,035019,1987,03,34.1,Y
IDCJAC0002,035019,1987,04,29.6,Y
IDCJAC0002,035019,1987,05,25.9,Y
IDCJAC0002,035019,1987,06,22.4,Y
IDCJAC0002,035019,1987,07,22.3,Y
IDCJAC0002,035019,1987,08,24.7,Y
IDCJAC0002,035019,1987,09,28.0,Y
IDCJAC0002,035019,1987,10,32.7,Y
IDCJAC0002,035019,1987,11,32.3,Y
IDCJAC0002,035019,1987,12,34.7,Y
IDCJAC0002,035019,1988,01,35.3,Y
IDCJAC0002,035019,1988,02,33.2,Y
IDCJAC0002,035019,1988,03,30.1,Y
IDCJAC0002,035019,1988,04,28.3,Y
IDCJAC0002,035019,1988,05,26.4,Y
IDCJAC0002,035019,1988,06,23.2,Y
IDCJAC0002,035019,1988,07,23.4,Y
IDCJAC0002,035019,1988,08,24.1,Y
IDCJAC0002,035019,1988,09,29.0,Y
IDCJAC0002,035019,1988,10,34.8,Y
IDCJAC0002,035019,1988,11,33.5,Y
IDCJAC0002,035019,1988,12,32.3,Y
IDCJAC0002,035019,1989,01,34.7,Y
IDCJAC0002,035019,1989,02,30.7,Y
IDCJAC0002,035019,1989,03,31.3,Y
IDCJAC0002,035019,1989,04,27.9,Y
IDCJAC0002,035019,1989,05,25.2,Y
IDCJAC0002,035019,1989,06,21.9,Y
IDCJAC0002,035019,1989,07,20.9,Y
IDCJAC0002,035019,1989,08,23.9,Y
IDCJAC0002,035019,1989,09,29.0,Y
IDCJAC0002,035019,1989,10,33.1,Y
IDCJAC0002,035019,1989,11,30.6,Y
IDCJAC0002,035019,1989,12,34.3,Y
IDCJAC0002,035019,1990,01,36.4,Y
IDCJAC0002,035019,1990,02,36.2,Y
IDCJAC0002,035019,1990,03,31.2,Y
IDCJAC0002,035019,1990,04,27.9,Y
IDCJAC0002,035019,1990,05,25.3,Y
IDCJAC0002,035019,1990,06,21.3,Y
IDCJAC0002,035019,1990,07,23.6,Y
IDCJAC0002,035019,1990,08,24.7,Y
IDCJAC0002,035019,1990,09,26.8,Y
IDCJAC0002,035019,1990,10,32.2,Y
IDCJAC0002,035019,1990,11,34.8,Y
IDCJAC0002,035019,1990,12,34.1,Y
IDCJAC0002,035019,1991,01,31.6,Y
IDCJAC0002,035019,1991,02,31.5,Y
IDCJAC0002,035019,1991,03,32.7,Y
IDCJAC0002,035019,1991,04,29.5,Y
IDCJAC0002,035019,1991,05,26.5,Y
IDCJAC0002,035019,1991,06,25.7,Y
IDCJAC0002,035019,1991,07,23.5,Y
IDCJAC0002,035019,1991,08,27.0,Y
IDCJAC0002,035019,1991,09,30.5,Y
IDCJAC0002,035019,1991,10,33.3,Y
IDCJAC0002,035019,1991,11,34.7,Y
IDCJAC0002,035019,1991,12,35.2,Y
IDCJAC0002,035019,1992,01,36.6,Y
IDCJAC0002,035019,1992,02,34.5,Y
IDCJAC0002,035019,1992,03,33.4,Y
IDCJAC0002,035019,1992,04,29.7,Y
IDCJAC0002,035019,1992,05,25.9,Y
IDCJAC0002,035019,1992,06,23.4,Y
IDCJAC0002,035019,1992,07,23.4,Y
IDCJAC0002,035019,1992,08,26.6,Y
IDCJAC0002,035019,1992,09,30.1,Y
IDCJAC0002,035019,1992,10,31.1,Y
IDCJAC0002,035019,1992,11,35.3,Y
IDCJAC0002,035019,1992,12,33.8,Y
IDCJAC0002,035019,1993,01,33.2,Y
IDCJAC0002,035019,1993,02,34.7,Y
IDCJAC0002,035019,1993,03,33.7,Y
IDCJAC0002,035019,1993,04,30.4,Y
IDCJAC0002,035019,1993,05,27.1,Y
IDCJAC0002,035019,1993,06,23.8,Y
IDCJAC0002,035019,1993,07,24.5,Y
IDCJAC0002,035019,1993,08,25.7,Y
IDCJAC0002,035019,1993,09,28.0,Y
IDCJAC0002,035019,1993,10,32.1,Y
IDCJAC0002,035019,1993,11,33.4,Y
IDCJAC0002,035019,1993,12,34.4,Y
IDCJAC0002,035019,1994,01,37.5,Y
IDCJAC0002,035019,1994,02,34.4,Y
IDCJAC0002,035019,1994,03,30.1,Y
IDCJAC0002,035019,1994,04,28.7,Y
IDCJAC0002,035019,1994,05,26.0,Y
IDCJAC0002,035019,1994,06,23.8,Y
IDCJAC0002,035019,1994,07,23.0,Y
IDCJAC0002,035019,1994,08,24.7,Y
IDCJAC0002,035019,1994,09,29.7,Y
IDCJAC0002,035019,1994,10,32.3,Y
IDCJAC0002,035019,1994,11,34.9,Y
IDCJAC0002,035019,1994,12,35.0,Y
IDCJAC0002,035019,1995,01,35.4,Y
IDCJAC0002,035019,1995,02,32.1,Y
IDCJAC0002,035019,1995,03,34.3,Y
IDCJAC0002,035019,1995,04,30.4,Y
IDCJAC0002,035019,1995,05,26.3,Y
IDCJAC0002,035019,1995,06,24.2,Y
IDCJAC0002,035019,1995,07,24.6,Y
IDCJAC0002,035019,1995,08,23.7,Y
IDCJAC0002,035019,1995,09,29.3,Y
IDCJAC0002,035019,1995,10,30.3,Y
IDCJAC0002,035019,1995,11,35.4,Y
IDCJAC0002,035019,1995,12,36.4,Y
IDCJAC0002,035019,1996,01,33.5,Y
IDCJAC0002,035019,1996,02,35.6,Y
IDCJAC0002,035019,1996,03,32.7,Y
IDCJAC0002,035019,1996,04,30.9,Y
IDCJAC0002,035019,1996,05,26.5,Y
IDCJAC0002,035019,1996,06,25.2,Y
IDCJAC0002,035019,1996,07,23.5,Y
IDCJAC0002,035019,1996,08,25.7,Y
IDCJAC0002,035019,1996,09,30.4,Y
IDCJAC0002,035019,1996,10,31.0,Y
IDCJAC0002,035019,1996,11,35.0,Y
IDCJAC0002,035019,1996,12,35.1,Y
IDCJAC0002,035019,1997,01,34.3,Y
IDCJAC0002,035019,1997,02,32.6,Y
IDCJAC0002,035019,1997,03,30.7,Y
IDCJAC0002,035019,1997,04,29.4,Y
IDCJAC0002,035019,1997,05,25.8,Y
IDCJAC0002,035019,1997,06,23.1,Y
IDCJAC0002,035019,1997,07,23.4,Y
IDCJAC0002,035019,1997,08,25.0,Y
IDCJAC0002,035019,1997,09,30.3,Y
IDCJAC0002,035019,1997,10,32.1,Y
IDCJAC0002,035019,1997,11,33.7,Y
IDCJAC0002,035019,1997,12,34.1,Y
IDCJAC0002,035019,1998,01,34.9,Y
IDCJAC0002,035019,1998,02,35.6,Y
IDCJAC0002,035019,1998,03,35.3,Y
IDCJAC0002,035019,1998,04,30.8,Y
IDCJAC0002,035019,1998,05,26.0,Y
IDCJAC0002,035019,1998,06,24.2,Y
IDCJAC0002,035019,1998,07,23.6,Y
IDCJAC0002,035019,1998,08,25.5,Y
IDCJAC0002,035019,1998,09,27.7,Y
IDCJAC0002,035019,1998,10,29.9,Y
IDCJAC0002,035019,1998,11,31.3,Y
IDCJAC0002,035019,1998,12,34.5,Y
IDCJAC0002,035019,1999,01,34.1,Y
IDCJAC0002,035019,1999,02,32.3,Y
IDCJAC0002,035019,1999,03,32.0,Y
IDCJAC0002,035019,1999,04,27.8,Y
IDCJAC0002,035019,1999,05,28.0,Y
IDCJAC0002,035019,1999,06,24.4,Y
IDCJAC0002,035019,1999,07,23.1,Y
IDCJAC0002,035019,1999,08,26.2,Y
IDCJAC0002,035019,1999,09,29.6,Y
IDCJAC0002,035019,1999,10,32.9,Y
IDCJAC0002,035019,1999,11,30.0,Y
IDCJAC0002,035019,1999,12,32.4,Y
IDCJAC0002,035019,2000,01,35.3,Y
IDCJAC0002,035019,2000,02,30.4,Y
IDCJAC0002,035019,2000,03,32.7,Y
IDCJAC0002,035019,2000,04,27.1,Y
IDCJAC0002,035019,2000,05,24.2,Y
IDCJAC0002,035019,2000,06,21.0,Y
IDCJAC0002,035019,2000,07,23.9,Y
IDCJAC0002,035019,2000,08,25.8,Y
IDCJAC0002,035019,2000,09,30.8,Y
IDCJAC0002,035019,2000,10,31.4,Y
IDCJAC0002,035019,2000,11,30.3,Y
IDCJAC0002,035019,2000,12,31.3,Y
IDCJAC0002,035019,2001,01,34.4,Y
IDCJAC0002,035019,2001,02,33.1,Y
IDCJAC0002,035019,2001,03,34.4,Y
IDCJAC0002,035019,2001,04,31.0,Y
IDCJAC0002,035019,2001,05,27.6,Y
IDCJAC0002,035019,2001,06,25.0,Y
IDCJAC0002,035019,2001,07,24.4,Y
IDCJAC0002,035019,2001,08,26.5,Y
IDCJAC0002,035019,2001,09,29.5,Y
IDCJAC0002,035019,2001,10,32.9,Y
IDCJAC0002,035019,2001,11,34.2,Y
IDCJAC0002,035019,2001,12,38.3,Y
IDCJAC0002,035019,2002,01,36.6,Y
IDCJAC0002,035019,2002,02,36.2,Y
IDCJAC0002,035019,2002,03,34.6,Y
IDCJAC0002,035019,2002,04,32.2,Y
IDCJAC0002,035019,2002,05,28.0,Y
IDCJAC0002,035019,2002,06,24.1,Y
IDCJAC0002,035019,2002,07,24.7,Y
IDCJAC0002,035019,2002,08,25.3,Y
IDCJAC0002,035019,2002,09,31.8,Y
IDCJAC0002,035019,2002,10,35.4,Y
IDCJAC0002,035019,2002,11,35.8,Y
IDCJAC0002,035019,2002,12,36.9,Y
IDCJAC0002,035019,2003,01,36.9,Y
IDCJAC0002,035019,2003,02,33.5,Y
IDCJAC0002,035019,2003,03,32.6,Y
IDCJAC0002,035019,2003,04,31.7,Y
IDCJAC0002,035019,2003,05,27.4,Y
IDCJAC0002,035019,2003,06,25.8,Y
IDCJAC0002,035019,2003,07,23.9,Y
IDCJAC0002,035019,2003,08,26.8,Y
IDCJAC0002,035019,2003,09,31.5,Y
IDCJAC0002,035019,2003,10,34.0,Y
IDCJAC0002,035019,2003,11,34.6,Y
IDCJAC0002,035019,2003,12,35.0,Y
IDCJAC0002,035019,2004,01,35.3,Y
IDCJAC0002,035019,2004,02,34.6,Y
IDCJAC0002,035019,2004,03,34.0,Y
IDCJAC0002,035019,2004,04,30.9,Y
IDCJAC0002,035019,2004,05,28.1,Y
IDCJAC0002,035019,2004,06,25.3,Y
IDCJAC0002,035019,2004,07,24.7,Y
IDCJAC0002,035019,2004,08,26.7,Y
IDCJAC0002,035019,2004,09,29.5,Y
IDCJAC0002,035019,2004,10,34.7,Y
IDCJAC0002,035019,2004,11,34.2,Y
IDCJAC0002,035019,2004,12,34.5,Y
IDCJAC0002,035019,2005,01,33.8,Y
IDCJAC0002,035019,2005,02,35.6,Y
IDCJAC0002,035019,2005,03,34.5,Y
IDCJAC0002,035019,2005,04,30.8,Y
IDCJAC0002,035019,2005,05,26.5,Y
IDCJAC0002,035019,2005,06,23.8,Y
IDCJAC0002,035019,2005,07,24.4,Y
IDCJAC0002,035019,2005,08,25.1,Y
IDCJAC0002,035019,2005,09,30.7,Y
IDCJAC0002,035019,2005,10,33.7,Y
IDCJAC0002,035019,2005,11,33.5,Y
IDCJAC0002,035019,2005,12,37.8,Y
IDCJAC0002,035019,2006,01,36.2,Y
IDCJAC0002,035019,2006,02,36.5,Y
IDCJAC0002,035019,2006,03,31.7,Y
IDCJAC0002,035019,2006,04,28.9,Y
IDCJAC0002,035019,2006,05,26.5,Y
IDCJAC0002,035019,2006,06,22.5,Y
IDCJAC0002,035019,2006,07,23.5,Y
IDCJAC0002,035019,2006,08,27.1,Y
IDCJAC0002,035019,2006,09,28.4,Y
IDCJAC0002,035019,2006,10,32.3,Y
IDCJAC0002,035019,2006,11,35.1,Y
IDCJAC0002,035019,2006,12,32.9,Y
IDCJAC0002,035019,2007,01,33.7,Y
IDCJAC0002,035019,2007,02,31.7,Y
IDCJAC0002,035019,2007,03,34.9,Y
IDCJAC0002,035019,2007,04,31.7,Y
IDCJAC0002,035019,2007,05,29.6,Y
IDCJAC0002,035019,2007,06,19.8,Y
IDCJAC0002,035019,2007,07,22.4,Y
IDCJAC0002,035019,2007,08,25.0,Y
IDCJAC0002,035019,2007,09,28.9,Y
IDCJAC0002,035019,2007,10,33.4,Y
IDCJAC0002,035019,2007,11,31.2,Y
IDCJAC0002,035019,2007,12,33.4,Y
IDCJAC0002,035019,2008,01,31.9,Y
IDCJAC0002,035019,2008,02,31.0,Y
IDCJAC0002,035019,2008,03,30.1,Y
IDCJAC0002,035019,2008,04,29.2,Y
IDCJAC0002,035019,2008,05,26.1,Y
IDCJAC0002,035019,2008,06,25.0,Y
IDCJAC0002,035019,2008,07,23.4,Y
IDCJAC0002,035019,2008,08,24.5,Y
IDCJAC0002,035019,2008,09,29.8,Y
IDCJAC0002,035019,2008,10,32.0,Y
IDCJAC0002,035019,2008,11,35.6,Y
IDCJAC0002,035019,2008,12,36.5,Y
IDCJAC0002,035019,2009,01,32.2,Y
IDCJAC0002,035019,2009,02,32.4,Y
IDCJAC0002,035019,2009,03,33.0,Y
IDCJAC0002,035019,2009,04,30.5,Y
IDCJAC0002,035019,2009,05,25.9,Y
IDCJAC0002,035019,2009,06,25.2,Y
IDCJAC0002,035019,2009,07,24.4,Y
IDCJAC0002,035019,2009,08,29.9,Y
IDCJAC0002,035019,2009,09,30.8,Y
IDCJAC0002,035019,2009,10,32.4,Y
IDCJAC0002,035019,2009,11,34.5,Y
IDCJAC0002,035019,2009,12,35.8,Y
IDCJAC0002,035019,2010,01,32.3,Y
IDCJAC0002,035019,2010,02,30.8,Y
IDCJAC0002,035019,2010,03,30.1,Y
IDCJAC0002,035019,2010,04,29.3,Y
IDCJAC0002,035019,2010,05,25.5,Y
IDCJAC0002,035019,2010,06,23.0,Y
IDCJAC0002,035019,2010,07,23.4,Y
IDCJAC0002,035019,2010,08,24.6,Y
IDCJAC0002,035019,2010,09,27.0,Y
IDCJAC0002,035019,2010,10,28.8,Y
IDCJAC0002,035019,2010,11,27.9,Y
IDCJAC0002,035019,2010,12,30.5,Y
IDCJAC0002,035019,2011,01,32.2,Y
IDCJAC0002,035019,2011,02,32.5,Y
IDCJAC0002,035019,2011,03,29.6,Y
IDCJAC0002,035019,2011,04,26.8,Y
IDCJAC0002,035019,2011,05,23.8,Y
IDCJAC0002,035019,2011,06,21.5,Y
IDCJAC0002,035019,2011,07,22.4,Y
IDCJAC0002,035019,2011,08,25.2,Y
IDCJAC0002,035019,2011,09,25.1,Y
